STOP_ID,LATITUDE,STOP_NAME,LONGITUDE,TICKETZONE,ROUTEUSSP,geometry
19970,-37.781193,Royal Park Railway Station (Parkville),144.952301,1,Upfield,POINT (319675.48588542367 5816488.467422174)
19971,-37.78814,Flemington Bridge Railway Station (North Melbourne),144.939323,1,Upfield,POINT (318549.4850887232 5815692.468473222)
19972,-37.794267,Macaulay Railway Station (North Melbourne),144.936166,1,Upfield,POINT (318286.46347773925 5815006.441586575)
19973,-37.807419,North Melbourne Railway Station (West Melbourne),144.94257,1,"Flemington,Sunbury,Upfield,Werribee,Williamstown,Craigieburn",POINT (318882.5130507677 5813559.450740573)
19974,-37.788657,Clifton Hill Railway Station (Clifton Hill),144.995417,1,"Mernda,Hurstbridge",POINT (323490.51296734845 5815742.518717973)
19975,-37.799158,Victoria Park Railway Station (Abbotsford),144.994451,1,"Mernda,Hurstbridge",POINT (323430.4599504742 5814575.455282947)
19976,-37.804526,Collingwood Railway Station (Abbotsford),144.99375,1,"Mernda,Hurstbridge",POINT (323381.53300000256 5813978.462610202)
19977,-37.810398,North Richmond Railway Station (Richmond),144.9925,1,"Mernda,Hurstbridge",POINT (323285.4540022839 5813324.513136533)
19978,-37.814949,West Richmond Railway Station (Richmond),144.991423,1,"Mernda,Hurstbridge",POINT (323201.51756908407 5812817.467734894)
19979,-37.816527,Jolimont-MCG Railway Station (East Melbourne),144.984098,1,"Mernda,Hurstbridge",POINT (322560.47584251524 5812628.4768482875)
19983,-37.726012,Macleod Railway Station (Macleod),145.069143,2,Hurstbridge,POINT (329839.4750372635 5822830.505423776)
19984,-37.710958,Watsonia Railway Station (Watsonia),145.083793,2,Hurstbridge,POINT (331096.45831008547 5824527.471623402)
19985,-37.703954,Greensborough Railway Station (Greensborough),145.108247,2,Hurstbridge,POINT (333236.4610831809 5825348.480831649)
19986,-37.715296,Montmorency Railway Station (Montmorency),145.121516,2,Hurstbridge,POINT (334431.50859708653 5824113.501724932)
19987,-37.71355,Eltham Railway Station (Eltham),145.147822,2,Hurstbridge,POINT (336746.478155507 5824353.437354121)
19988,-37.673297,Diamond Creek Railway Station (Diamond Creek),145.158506,2,Hurstbridge,POINT (337600.4694723777 5828838.516615769)
19989,-37.663968,Wattle Glen Railway Station (Wattle Glen),145.181615,2,Hurstbridge,POINT (339618.540423883 5829913.464837978)
19990,-37.639398,Hurstbridge Railway Station (Hurstbridge),145.192017,2,Hurstbridge,POINT (340483.4937294052 5832657.4911358785)
19991,-37.867753,Williamstown Railway Station (Williamstown),144.905323,1,Williamstown,POINT (315753.45905374316 5806791.463993346)
19992,-37.863982,Williamstown Beach Railway Station (Williamstown),144.894484,1,Williamstown,POINT (314790.52698910097 5807188.462587582)
19993,-37.857333,North Williamstown Railway Station (Williamstown),144.889069,1,Williamstown,POINT (314297.4458041683 5807915.528377015)
19994,-37.842718,Newport Railway Station (Newport),144.8836,1,"Williamstown,Werribee",POINT (313779.48682111583 5809526.429794975)
19995,-37.830639,Spotswood Railway Station (Spotswood),144.885933,1,"Williamstown,Werribee",POINT (313954.45179720485 5810871.461680489)
19996,-37.81585,Yarraville Railway Station (Yarraville),144.889934,1,"Williamstown,Werribee",POINT (314269.51982039795 5812520.524158023)
19997,-37.809005,Seddon Railway Station (Seddon),144.895672,1,"Williamstown,Werribee",POINT (314757.5356619022 5813291.484919706)
20000,-37.701129,Watergardens Railway Station (Sydenham),144.77418,2,Sunbury,POINT (303776.45485472074 5825014.446145402)
20001,-37.729279,Keilor Plains Railway Station (St Albans),144.793738,2,Sunbury,POINT (305574.4935150188 5821931.514067611)
20002,-37.744861,St Albans Railway Station (St Albans),144.80005,2,Sunbury,POINT (306171.4488185276 5820215.512895454)
20003,-37.760067,Ginifer Railway Station (St Albans),144.811348,2,Sunbury,POINT (307206.46644222154 5818551.4814339895)
20004,-37.777653,Albion Railway Station (Sunshine North),144.824704,"1,2",Sunbury,POINT (308428.5142608074 5816627.453287279)
20005,-37.652187,Epping Railway Station (Epping),145.031068,2,Mernda,POINT (326311.521117914 5830952.437308012)
20006,-37.665851,Lalor Railway Station (Lalor),145.017193,2,Mernda,POINT (325119.47585228924 5829410.438534733)
20007,-37.680338,Thomastown Railway Station (Thomastown),145.014279,2,Mernda,POINT (324896.51710739115 5827797.484223305)
20008,-37.69487,Keon Park Railway Station (Thomastown),145.011884,2,Mernda,POINT (324719.5138045137 5826180.4844967425)
20009,-37.707898,Ruthven Railway Station (Reservoir),145.009517,2,Mernda,POINT (324541.5311106476 5824730.425578054)
20010,-37.716885,Reservoir Railway Station (Reservoir),145.006996,"1,2",Mernda,POINT (324340.5054091986 5823728.46288929)
20011,-37.728403,Regent Railway Station (Reservoir),145.002773,"1,2",Mernda,POINT (323995.54596149334 5822442.445345368)
20012,-37.738674,Preston Railway Station (Preston),145.000522,"1,2",Mernda,POINT (323821.5001360376 5821298.4988200525)
20013,-37.745562,Bell Railway Station (Preston),145.000155,1,Mernda,POINT (323805.4777778996 5820533.488476721)
20014,-37.755052,Thornbury Railway Station (Thornbury),144.998572,1,Mernda,POINT (323688.5308231079 5819477.447552944)
20015,-37.764101,Croxton Railway Station (Northcote),144.997056,1,Mernda,POINT (323576.4761536056 5818470.474036092)
20016,-37.769865,Northcote Railway Station (Northcote),144.995277,1,Mernda,POINT (323433.4637772133 5817827.5091718715)
20017,-37.777847,Merri Railway Station (Northcote),144.992972,1,Mernda,POINT (323249.46699171455 5816937.4307230795)
20019,-37.783217,Rushall Railway Station (Fitzroy North),144.992407,1,Mernda,POINT (323212.48384090804 5816340.485963668)
20021,-37.788536,Sunshine Railway Station (Sunshine),144.832878,"1,2",Sunbury,POINT (309176.4754563068 5815436.512508524)
20022,-37.799251,Tottenham Railway Station (West Footscray),144.862945,1,Sunbury,POINT (311851.4816245327 5814308.4599069785)
20023,-37.801803,West Footscray Railway Station (West Footscray),144.883985,1,Sunbury,POINT (313710.5143853912 5814067.438949555)
20024,-37.802505,Middle Footscray Railway Station (Footscray),144.891472,1,Sunbury,POINT (314371.48129165673 5814004.442333655)
20025,-37.801083,Footscray Railway Station (Footscray),144.903199,1,"Werribee,Williamstown,Sunbury",POINT (315400.4665422245 5814185.4729644125)
20026,-37.799531,South Kensington Railway Station (Kensington),144.925469,1,"Williamstown,Werribee",POINT (317357.48780145205 5814401.4574780185)
20030,-37.683049,Broadmeadows Railway Station (Broadmeadows),144.919613,2,Craigieburn,POINT (316554.49096028006 5827315.506809755)
20031,-37.695131,Jacana Railway Station (Glenroy),144.915851,2,Craigieburn,POINT (316252.5529358001 5825967.4491815185)
20032,-37.704536,Glenroy Railway Station (Glenroy),144.91722,"1,2",Craigieburn,POINT (316396.4470635009 5824926.507461333)
20033,-37.71795,Oak Park Railway Station (Oak Park),144.921519,"1,2",Craigieburn,POINT (316808.513445299 5823446.446711233)
20034,-37.730756,Pascoe Vale Railway Station (Pascoe Vale),144.928196,"1,2",Craigieburn,POINT (317428.5196434504 5822038.470791129)
20035,-37.743591,Strathmore Railway Station (Strathmore),144.927316,1,Craigieburn,POINT (317382.5245404333 5820612.512756071)
20036,-37.74721,Glenbervie Railway Station (Essendon),144.920939,1,Craigieburn,POINT (316829.5251802731 5820198.461085815)
20037,-37.756012,Essendon Railway Station (Essendon),144.916198,1,Craigieburn,POINT (316433.52383733296 5819212.444111763)
20038,-37.765707,Moonee Ponds Railway Station (Moonee Ponds),144.919161,1,Craigieburn,POINT (316718.52086639835 5818142.432626695)
20039,-37.775306,Ascot Vale Railway Station (Ascot Vale),144.921821,1,Craigieburn,POINT (316976.51889318414 5817082.485120448)
20040,-37.787328,Newmarket Railway Station (Flemington),144.928978,1,Craigieburn,POINT (317636.44028266624 5815762.4347901475)
20041,-37.79378,Kensington Railway Station (Kensington),144.930524,1,Craigieburn,POINT (317788.4593196545 5815049.494862005)
20042,-37.819222,Box Hill Railway Station (Box Hill),145.121429,2,"Lilydale,Belgrave",POINT (334655.5109414909 5812581.428280583)
22180,-37.817936,Southern Cross Railway Station (Melbourne City),144.951411,1,"Belgrave,Craigieburn,Cranbourne,Flemington,Frankston,Glen Waverley,Hurstbridge,Lilydale,Mernda,Pakenham,Sandringham,Sunbury,Upfield,Werribee,Williamstown,Alamein",POINT (319686.46021939896 5812409.5175623335)
40220,-37.638231,Roxburgh Park Railway Station (Roxburgh Park),144.935404,2,Craigieburn,POINT (317837.5088903863 5832319.492601642)
40221,-37.601817,Craigieburn Railway Station (Craigieburn),144.94332,2,Craigieburn,POINT (318447.4578237907 5836375.457973229)
44817,-37.661003,Coolaroo Railway Station (Coolaroo),144.926056,2,Craigieburn,POINT (317068.5411017955 5829774.420429475)
45793,-38.057341,Lynbrook Railway Station (Lynbrook),145.249275,2,Cranbourne,POINT (346405.4654797063 5786377.491482555)
45794,-38.07129,Cardinia Road Railway Station (Pakenham),145.437791,2,Pakenham,POINT (362971.48995749705 5785124.52092476)
45795,-37.649159,South Morang Railway Station (South Morang),145.067032,2,Mernda,POINT (329477.46529796306 5831354.446143894)
46468,-37.869865,Williams Landing Railway Station (Williams Landing),144.747445,2,Werribee,POINT (301870.5114268756 5806233.5092932265)
52095,-37.958756,Southland Railway Station (Cheltenham),145.049121,2,Frankston,POINT (328614.502578791 5796967.43329169)
52159,-37.644061,Middle Gorge Railway Station (South Morang),145.092144,2,Mernda,POINT (331681.48612281133 5831965.50823555)
52160,-37.622995,Hawkstowe Railway Station (South Morang),145.097396,2,Mernda,POINT (332097.47493517277 5834312.417707114)
52161,-37.602548,Mernda Railway Station (Mernda),145.100885,2,Mernda,POINT (332359.5026328318 5836587.466463318)
15353,-37.627017,Diggers Rest Railway Station (Diggers Rest),144.719922,2,Sunbury,POINT (298792.44702191313 5833123.41712413)
19827,-38.374235,Stony Point Railway Station (Crib Point),145.221837,2,Stony Point,POINT (344673.45318007906 5751166.414619851)
19828,-38.366123,Crib Point Railway Station (Crib Point),145.204043,2,Stony Point,POINT (343101.4545988183 5752036.505744735)
19829,-38.354033,Morradoo Railway Station (Crib Point),145.189602,2,Stony Point,POINT (341813.4385077909 5753353.507177892)
19830,-38.33739,Bittern Railway Station (Bittern),145.178027,2,Stony Point,POINT (340765.5178119339 5755180.504666652)
19831,-38.305659,Hastings Railway Station (Hastings),145.18598,2,Stony Point,POINT (341391.4975900559 5758715.419507937)
19832,-38.259815,Tyabb Railway Station (Tyabb),145.186401,2,Stony Point,POINT (341328.50090372853 5763803.464909837)
19833,-38.225342,Somerville Railway Station (Somerville),145.176245,2,Stony Point,POINT (340364.4871848659 5767611.466201885)
19834,-38.194043,Baxter Railway Station (Baxter),145.160526,2,Stony Point,POINT (338919.4683941066 5771057.470553249)
19835,-37.859308,Glen Iris Railway Station (Glen Iris),145.058225,1,Glen Waverley,POINT (329184.5024586809 5808019.514255619)
19836,-38.152034,Leawarra Railway Station (Frankston),145.139534,2,Stony Point,POINT (336987.4819609917 5775682.46769911)
19837,-37.868957,Darling Railway Station (Malvern East),145.062951,"1,2",Glen Waverley,POINT (329622.5180325493 5806957.452181066)
19838,-37.87693,East Malvern Railway Station (Malvern East),145.069393,"1,2",Glen Waverley,POINT (330207.4885309982 5806084.469498157)
19839,-37.874402,Holmesglen Railway Station (Malvern East),145.090662,"1,2",Glen Waverley,POINT (332072.4968536378 5806403.492756873)
19840,-37.873603,Jordanville Railway Station (Mount Waverley),145.11209,2,Glen Waverley,POINT (333955.4783489867 5806530.513083442)
19841,-37.811981,Flagstaff Railway Station (Melbourne City),144.955654,1,"Belgrave,Craigieburn,Cranbourne,Flemington,Glen Waverley,Hurstbridge,Lilydale,Mernda,Pakenham,Sunbury,Upfield,Alamein",POINT (320045.4986864452 5813078.508389601)
19842,-37.809939,Melbourne Central Railway Station (Melbourne City),144.962594,1,"Belgrave,Craigieburn,Cranbourne,Flemington,Glen Waverley,Hurstbridge,Lilydale,Mernda,Pakenham,Sunbury,Upfield,Alamein",POINT (320651.5276649339 5813318.45011123)
19843,-37.811054,Parliament Railway Station (Melbourne City),144.972911,1,"Belgrave,Craigieburn,Cranbourne,Flemington,Glen Waverley,Hurstbridge,Lilydale,Mernda,Pakenham,Sunbury,Upfield,Alamein",POINT (321562.5139571313 5813214.480516498)
19844,-37.909102,Belgrave Railway Station (Belgrave),145.355291,2,Belgrave,POINT (355416.45908723574 5802996.481053978)
19845,-37.908118,Tecoma Railway Station (Tecoma),145.342995,2,Belgrave,POINT (354333.5386444414 5803086.52234531)
19846,-37.903691,Upwey Railway Station (Upwey),145.331333,2,Belgrave,POINT (353299.453540623 5803559.465053448)
19847,-37.86832,Alamein Railway Station (Ashburton),145.079656,1,Alamein,POINT (331090.50503280805 5807058.514434347)
19848,-37.861968,Ashburton Railway Station (Ashburton),145.081344,1,Alamein,POINT (331224.503010507 5807766.421041351)
19849,-37.851563,Burwood Railway Station (Glen Iris),145.080511,1,Alamein,POINT (331127.4697350034 5808919.502355184)
19850,-37.843985,Hartwell Railway Station (Camberwell),145.07556,1,Alamein,POINT (330674.5377703598 5809751.424593974)
19851,-37.835716,Willison Railway Station (Camberwell),145.070298,1,Alamein,POINT (330192.530717709 5810659.436501926)
19852,-37.831505,Riversdale Railway Station (Camberwell),145.069646,1,Alamein,POINT (330125.4951313487 5811125.513885504)
19853,-37.826567,Camberwell Railway Station (Camberwell),145.058697,1,"Belgrave,Lilydale,Alamein",POINT (329150.47594458004 5811653.484167566)
19854,-37.818305,Flinders Street Railway Station (Melbourne City),144.966964,1,"Belgrave,Craigieburn,Cranbourne,Flemington,Frankston,Glen Waverley,Hurstbridge,Lilydale,Mernda,Pakenham,Sandringham,Sunbury,Upfield,Werribee,Williamstown,Alamein",POINT (321056.45963497984 5812398.484810457)
19855,-38.14299,Frankston Railway Station (Frankston),145.126162,2,"Stony Point,Frankston",POINT (335795.46765980136 5776662.476187935)
19856,-38.121742,Kananook Railway Station (Seaford),145.135295,2,Frankston,POINT (336548.45024379494 5779036.473174062)
19857,-38.104021,Seaford Railway Station (Seaford),145.12823,2,Frankston,POINT (335889.4452103913 5780990.473949869)
19858,-38.076504,Carrum Railway Station (Carrum),145.122833,2,Frankston,POINT (335354.4957791293 5784034.423412768)
19859,-38.062945,Bonbeach Railway Station (Bonbeach),145.11968,2,Frankston,POINT (335047.44307829184 5785533.445523632)
19860,-38.051955,Chelsea Railway Station (Chelsea),145.116041,2,Frankston,POINT (334703.46211400675 5786746.511331167)
19861,-38.038056,Edithvale Railway Station (Edithvale),145.108536,2,Frankston,POINT (334013.5397809682 5788275.46899847)
19862,-38.02722,Aspendale Railway Station (Aspendale),145.10215,2,Frankston,POINT (333428.528970425 5789466.488711394)
19863,-38.006583,Mordialloc Railway Station (Mordialloc),145.087659,2,Frankston,POINT (332109.45691589796 5791730.460136923)
19864,-37.993079,Parkdale Railway Station (Parkdale),145.076327,2,Frankston,POINT (331083.4969287851 5793208.452335199)
19865,-37.981865,Mentone Railway Station (Mentone),145.065166,2,Frankston,POINT (330077.48294243775 5794432.516746676)
19866,-37.96665,Cheltenham Railway Station (Cheltenham),145.054558,2,Frankston,POINT (329110.50257630437 5796101.4546090355)
19867,-37.892672,Upper Ferntree Gully Railway Station (Upper Ferntree Gully),145.30753,2,Belgrave,POINT (351184.4829416076 5804744.432328426)
19868,-37.881698,Ferntree Gully Railway Station (Ferntree Gully),145.295251,2,Belgrave,POINT (350082.4549242137 5805942.46110237)
19869,-37.860452,Boronia Railway Station (Boronia),145.284385,2,Belgrave,POINT (349083.4762711555 5808282.443768598)
19870,-37.84173,Bayswater Railway Station (Bayswater),145.268136,2,Belgrave,POINT (347615.45795950014 5810333.468230024)
19871,-37.828322,Heathmont Railway Station (Heathmont),145.244555,2,Belgrave,POINT (345512.45138621755 5811782.496246904)
19872,-37.948425,Highett Railway Station (Highett),145.041872,2,Frankston,POINT (327953.512471471 5798100.46779091)
19873,-37.879504,Glen Waverley Railway Station (Glen Waverley),145.162058,2,Glen Waverley,POINT (338363.53335157107 5805963.474987375)
19874,-37.87623,Syndal Railway Station (Glen Waverley),145.14978,2,Glen Waverley,POINT (337276.4375165781 5806305.425567174)
19875,-37.875255,Mount Waverley Railway Station (Mount Waverley),145.128056,2,Glen Waverley,POINT (335363.51950021996 5806375.494191339)
19876,-37.755518,Lilydale Railway Station (Lilydale),145.34771,2,Lilydale,POINT (354448.47687436605 5820026.43666379)
19877,-37.784749,Mooroolbark Railway Station (Mooroolbark),145.312402,2,Lilydale,POINT (351396.4548584416 5816727.451418141)
19878,-37.795437,Croydon Railway Station (Croydon),145.280598,2,Lilydale,POINT (348617.5234995835 5815490.4646913)
19879,-37.811968,Ringwood East Railway Station (Ringwood East),145.250191,2,Lilydale,POINT (345974.5095550298 5813606.470939856)
19880,-38.080614,Pakenham Railway Station (Pakenham),145.486379,2,Pakenham,POINT (367250.49446564016 5784160.465103154)
19881,-38.066146,Officer Railway Station (Officer),145.410987,2,Pakenham,POINT (360610.45916203345 5785655.431298874)
19882,-38.050831,Beaconsfield Railway Station (Beaconsfield),145.366074,2,Pakenham,POINT (356640.5108093943 5787286.506718612)
19883,-38.040408,Berwick Railway Station (Berwick),145.345726,2,Pakenham,POINT (354834.4883066851 5788411.498528657)
19884,-38.027809,Narre Warren Railway Station (Narre Warren),145.303969,2,Pakenham,POINT (351144.45212957775 5789743.502682883)
19885,-38.01774,Hallam Railway Station (Hallam),145.269777,2,Pakenham,POINT (348122.4968194964 5790805.513408406)
19886,-38.099537,Cranbourne Railway Station (Cranbourne),145.280599,2,Cranbourne,POINT (349240.477640501 5781746.499779687)
19887,-38.079,Merinda Park Railway Station (Cranbourne North),145.263511,2,Cranbourne,POINT (347699.4619164772 5783997.519754611)
19888,-37.989968,Dandenong Railway Station (Dandenong),145.209725,2,"Pakenham,Cranbourne",POINT (342791.4506446189 5793787.453714636)
19889,-37.978255,Yarraman Railway Station (Noble Park),145.1916,2,"Pakenham,Cranbourne",POINT (341174.4666166798 5795056.417463475)
19890,-37.966628,Noble Park Railway Station (Noble Park),145.176325,2,"Pakenham,Cranbourne",POINT (339807.51150458615 5796320.435161888)
19891,-37.956505,Sandown Park Railway Station (Springvale),145.162826,2,"Pakenham,Cranbourne",POINT (338599.49364541867 5797420.425690647)
19892,-37.825894,East Camberwell Railway Station (Camberwell),145.06819,1,"Lilydale,Belgrave",POINT (329984.4548450679 5811745.491344985)
19893,-37.824485,Canterbury Railway Station (Canterbury),145.081224,"1,2","Lilydale,Belgrave",POINT (331128.46942893637 5811925.4841306005)
19894,-37.8243,Chatham Railway Station (Surrey Hills),145.088648,"1,2","Lilydale,Belgrave",POINT (331781.4917241105 5811959.415476011)
19895,-37.824148,Surrey Hills Railway Station (Surrey Hills),145.098775,"1,2","Lilydale,Belgrave",POINT (332672.52774235373 5811994.47681624)
19896,-37.819427,Mont Albert Railway Station (Mont Albert),145.10553,"1,2","Lilydale,Belgrave",POINT (333256.4718092565 5812530.413554855)
19897,-37.82078,Laburnum Railway Station (Blackburn),145.140703,2,"Lilydale,Belgrave",POINT (336355.50138446316 5812442.493249096)
19898,-37.820071,Blackburn Railway Station (Blackburn),145.150014,2,"Lilydale,Belgrave",POINT (337173.52072426194 5812537.441710338)
19899,-37.820428,Nunawading Railway Station (Nunawading),145.175237,2,"Lilydale,Belgrave",POINT (339394.49688402365 5812541.4971865695)
19900,-37.818087,Mitcham Railway Station (Mitcham),145.192892,2,"Lilydale,Belgrave",POINT (340943.5123322153 5812831.47158836)
19901,-37.818835,Heatherdale Railway Station (Ringwood),145.21355,2,"Lilydale,Belgrave",POINT (342763.5021237389 5812783.4494597055)
19902,-37.81566,Ringwood Railway Station (Ringwood),145.229474,2,"Lilydale,Belgrave",POINT (344158.5306359023 5813162.443135548)
19903,-37.822398,Auburn Railway Station (Hawthorn East),145.045844,1,"Belgrave,Lilydale,Alamein",POINT (328009.5139267731 5812092.5007783985)
19904,-37.821467,Glenferrie Railway Station (Hawthorn),145.036439,1,"Belgrave,Lilydale,Alamein",POINT (327179.498658053 5812178.452491166)
19905,-37.821826,Hawthorn Railway Station (Hawthorn),145.022899,1,"Belgrave,Lilydale,Alamein",POINT (325988.51611279557 5812113.473192991)
19906,-37.82756,Burnley Railway Station (Burnley),145.007555,1,"Belgrave,Glen Waverley,Lilydale,Alamein",POINT (324651.4819416971 5811448.497499655)
19907,-37.8264,East Richmond Railway Station (Richmond),144.997066,1,"Belgrave,Glen Waverley,Lilydale,Alamein",POINT (323725.5266225528 5811557.469990018)
19908,-37.824074,Richmond Railway Station (Richmond),144.990164,1,"Belgrave,Cranbourne,Frankston,Glen Waverley,Lilydale,Pakenham,Sandringham,Alamein",POINT (323112.4828956742 5811802.520586449)
19909,-37.834672,Heyington Railway Station (Toorak),145.022635,1,Glen Waverley,POINT (325995.4729633818 5810687.523960801)
19910,-37.839929,Kooyong Railway Station (Kooyong),145.033552,1,Glen Waverley,POINT (326968.5326458252 5810124.460273467)
19911,-37.849366,Tooronga Railway Station (Malvern),145.041734,1,Glen Waverley,POINT (327710.52742727986 5809092.4203644665)
19912,-37.853279,Gardiner Railway Station (Glen Iris),145.051655,1,Glen Waverley,POINT (328592.5243365818 5808676.478209055)
19913,-37.949509,Springvale Railway Station (Springvale),145.153452,2,"Pakenham,Cranbourne",POINT (337760.4943596927 5798180.446116494)
19914,-37.938491,Westall Railway Station (Clayton South),145.138833,2,"Pakenham,Cranbourne",POINT (336451.52354629454 5799377.49280564)
19915,-37.924683,Clayton Railway Station (Clayton),145.120534,2,"Pakenham,Cranbourne",POINT (334812.4469283195 5800877.415432856)
19916,-37.911017,Huntingdale Railway Station (Oakleigh),145.102364,"1,2","Pakenham,Cranbourne",POINT (333184.45460283244 5802361.508278288)
19917,-37.900372,Oakleigh Railway Station (Oakleigh),145.088308,"1,2","Pakenham,Cranbourne",POINT (331924.5085269954 5803517.490009268)
19918,-37.894881,Hughesdale Railway Station (Hughesdale),145.077635,"1,2","Pakenham,Cranbourne",POINT (330973.4972877404 5804107.505872555)
19919,-37.890198,Murrumbeena Railway Station (Murrumbeena),145.067375,1,"Pakenham,Cranbourne",POINT (330060.5165868148 5804608.50556717)
19920,-37.886241,Carnegie Railway Station (Carnegie),145.058575,1,"Pakenham,Cranbourne",POINT (329277.4808074386 5805031.526330744)
19921,-37.899378,Werribee Railway Station (Werribee),144.661118,2,Werribee,POINT (294358.49350633443 5802771.481068322)
19922,-37.883276,Hoppers Crossing Railway Station (Hoppers Crossing),144.700955,2,Werribee,POINT (297817.49019553006 5804645.49410844)
19923,-37.863694,Laverton Railway Station (Laverton),144.772617,"1,2",Werribee,POINT (304068.51105165645 5806971.48031152)
19924,-37.866606,Aircraft Railway Station (Laverton),144.760809,2,Werribee,POINT (303037.44258923235 5806623.464126894)
19925,-37.865163,Westona Railway Station (Altona),144.813494,"1,2",Werribee,POINT (307668.54213051224 5806893.531664266)
19926,-37.867148,Altona Railway Station (Altona),144.829645,"1,2",Werribee,POINT (309094.50034970004 5806706.4277378395)
19927,-37.867842,Seaholme Railway Station (Seaholme),144.840958,1,Werribee,POINT (310091.4995021704 5806652.5076768445)
19928,-37.780621,Westgarth Railway Station (Northcote),144.999233,1,Hurstbridge,POINT (323807.4715271648 5816641.435232607)
19929,-37.779187,Dennis Railway Station (Northcote),145.008242,1,Hurstbridge,POINT (324597.51748075965 5816817.508340981)
19930,-37.779171,Fairfield Railway Station (Fairfield),145.016905,1,Hurstbridge,POINT (325360.46216897876 5816835.495889945)
19931,-37.778394,Alphington Railway Station (Alphington),145.031255,1,Hurstbridge,POINT (326622.49306212354 5816948.433650462)
19932,-37.774963,Darebin Railway Station (Ivanhoe),145.038476,1,Hurstbridge,POINT (327250.50919780013 5817342.518169751)
19933,-37.768897,Ivanhoe Railway Station (Ivanhoe),145.045425,"1,2",Hurstbridge,POINT (327848.46682297636 5818028.44321194)
19934,-37.763586,Eaglemont Railway Station (Eaglemont),145.053943,"1,2",Hurstbridge,POINT (328586.5070319342 5818633.419302961)
19935,-37.757073,Heidelberg Railway Station (Heidelberg),145.060686,"1,2",Hurstbridge,POINT (329165.53654731135 5819368.467448086)
19936,-37.742879,Rosanna Railway Station (Rosanna),145.06614,2,Hurstbridge,POINT (329613.4711412167 5820953.427957747)
19937,-37.934353,Moorabbin Railway Station (Moorabbin),145.036738,2,Frankston,POINT (327469.4729817456 5799652.50280787)
19938,-37.925149,Patterson Railway Station (Bentleigh),145.03547,2,Frankston,POINT (327336.5024636987 5800671.495795285)
19939,-37.917425,Bentleigh Railway Station (Bentleigh),145.036995,"1,2",Frankston,POINT (327452.49092953396 5801531.425039478)
19940,-37.910309,McKinnon Railway Station (Mckinnon),145.038299,"1,2",Frankston,POINT (327550.49665934464 5802323.469712674)
19941,-37.903212,Ormond Railway Station (Ormond),145.039613,"1,2",Frankston,POINT (327649.45726189646 5803113.4329622425)
19942,-37.889719,Glenhuntly Railway Station (Glen Huntly),145.042223,1,Frankston,POINT (327847.5039209302 5804615.519586251)
19943,-37.877459,Caulfield Railway Station (Caulfield East),145.042525,1,"Frankston,Pakenham,Cranbourne",POINT (327845.51773254486 5805976.517305192)
19944,-37.866253,Malvern Railway Station (Malvern),145.029294,1,Frankston,POINT (326655.49585179443 5807195.508137055)
19945,-37.856452,Armadale Railway Station (Armadale),145.019326,1,Frankston,POINT (325755.52642629796 5808264.518310422)
19946,-37.850774,Toorak Railway Station (Armadale),145.013909,1,Frankston,POINT (325265.5317354467 5808884.445534429)
19947,-37.844591,Hawksburn Railway Station (South Yarra),145.002142,1,Frankston,POINT (324215.4956319061 5809548.452702308)
19948,-37.95033,Sandringham Railway Station (Sandringham),145.004561,2,Sandringham,POINT (324679.45025603217 5797819.492895864)
19949,-37.937977,Hampton Railway Station (Hampton),145.001471,2,Sandringham,POINT (324378.53110980534 5799184.448566464)
19950,-37.926484,Brighton Beach Railway Station (Brighton),144.989154,"1,2",Sandringham,POINT (323268.52831258706 5800436.505167472)
19951,-37.915134,Middle Brighton Railway Station (Brighton),144.996299,"1,2",Sandringham,POINT (323869.47344006086 5801709.512217856)
19952,-37.904887,North Brighton Railway Station (Brighton),145.002605,"1,2",Sandringham,POINT (324399.4893047019 5802858.495277818)
19953,-37.896695,Gardenvale Railway Station (Brighton),145.004168,1,Sandringham,POINT (324517.4650497966 5803770.477228984)
19954,-37.884753,Elsternwick Railway Station (Elsternwick),145.000898,1,Sandringham,POINT (324201.493958701 5805089.483146544)
19955,-37.875906,Ripponlea Railway Station (Ripponlea),144.995237,1,Sandringham,POINT (323682.52348430397 5806060.518813446)
19956,-37.869488,Balaclava Railway Station (Balaclava),144.993512,1,Sandringham,POINT (323515.4978008246 5806769.4397664815)
19957,-37.856053,Windsor Railway Station (Windsor),144.992035,1,Sandringham,POINT (323353.48306983424 5808257.481116541)
19958,-37.849518,Prahran Railway Station (Prahran),144.98986,1,Sandringham,POINT (323146.4950335226 5808978.525235044)
19959,-37.838449,South Yarra Railway Station (South Yarra),144.992342,1,"Frankston,Pakenham,Sandringham,Cranbourne",POINT (323338.48826531955 5810211.51115061)
19960,-37.666078,Upfield Railway Station (Coolaroo),144.94674,2,Upfield,POINT (318905.4876124373 5829251.446472293)
19961,-37.700678,Gowrie Railway Station (Glenroy),144.958874,2,Upfield,POINT (320059.46744571195 5825435.473868199)
19962,-37.714621,Fawkner Railway Station (Fawkner),144.960545,"1,2",Upfield,POINT (320240.50497103424 5823891.508921912)
19963,-37.720934,Merlynston Railway Station (Coburg North),144.961314,"1,2",Upfield,POINT (320323.54432843375 5823192.460480997)
19964,-37.733523,Batman Railway Station (Coburg North),144.962841,"1,2",Upfield,POINT (320488.5219167858 5821798.453236345)
19965,-37.742345,Coburg Railway Station (Coburg),144.963336,1,Upfield,POINT (320553.45157031517 5820820.472665405)
19966,-37.754485,Moreland Railway Station (Coburg),144.961823,1,Upfield,POINT (320449.5028277559 5819470.452986211)
19967,-37.761242,Anstey Railway Station (Brunswick),144.960684,1,Upfield,POINT (320365.498879579 5818718.471360165)
19968,-37.767721,Brunswick Railway Station (Brunswick),144.959587,1,Upfield,POINT (320284.5211787459 5817997.427192611)
19969,-37.774987,Jewell Railway Station (Brunswick),144.958717,1,Upfield,POINT (320225.5087004381 5817189.472851969)
